Metadata_pert_name,Metadata_gene_name,Metadata_cell_line,correlation,replicate_type,quantile,iterations,cor_method,samples,groups
AKT1-1,AKT1,HCC44,0.2559708544769291,replicate,0.95,10,pearson,all,"Metadata_pert_name,Metadata_gene_name,Metadata_cell_line"
AKT1-2,AKT1,HCC44,-0.41058512672219816,replicate,0.95,10,pearson,all,"Metadata_pert_name,Metadata_gene_name,Metadata_cell_line"
ARID1B-1,ARID1B,HCC44,-0.15391128792223444,replicate,0.95,10,pearson,all,"Metadata_pert_name,Metadata_gene_name,Metadata_cell_line"
ARID1B-2,ARID1B,HCC44,0.41483881043706977,replicate,0.95,10,pearson,all,"Metadata_pert_name,Metadata_gene_name,Metadata_cell_line"
ATF4-1,ATF4,HCC44,0.8133604557397919,replicate,0.95,10,pearson,all,"Metadata_pert_name,Metadata_gene_name,Metadata_cell_line"
ATF4-2,ATF4,HCC44,0.15726252385936837,replicate,0.95,10,pearson,all,"Metadata_pert_name,Metadata_gene_name,Metadata_cell_line"
ATP50-1,ATP50,HCC44,0.5232079648979675,replicate,0.95,10,pearson,all,"Metadata_pert_name,Metadata_gene_name,Metadata_cell_line"
ATP50-2,ATP50,HCC44,0.65743952265519,replicate,0.95,10,pearson,all,"Metadata_pert_name,Metadata_gene_name,Metadata_cell_line"
AURKB-2,AURKB,HCC44,0.1844688543786713,replicate,0.95,10,pearson,all,"Metadata_pert_name,Metadata_gene_name,Metadata_cell_line"
BCL2-1,BCL2,HCC44,0.20237279745562145,replicate,0.95,10,pearson,all,"Metadata_pert_name,Metadata_gene_name,Metadata_cell_line"
BCL2-2,BCL2,HCC44,0.25920057330412105,replicate,0.95,10,pearson,all,"Metadata_pert_name,Metadata_gene_name,Metadata_cell_line"
BCL2L2-1,BCL2L2,HCC44,0.6436644560676356,replicate,0.95,10,pearson,all,"Metadata_pert_name,Metadata_gene_name,Metadata_cell_line"
BCL2L2-2,BCL2L2,HCC44,-0.0125189917137101,replicate,0.95,10,pearson,all,"Metadata_pert_name,Metadata_gene_name,Metadata_cell_line"
BCL2L2-4,BCL2L2,HCC44,-0.09274803922020368,replicate,0.95,10,pearson,all,"Metadata_pert_name,Metadata_gene_name,Metadata_cell_line"
BRAF-2,BRAF,HCC44,-0.30141995427559864,replicate,0.95,10,pearson,all,"Metadata_pert_name,Metadata_gene_name,Metadata_cell_line"
BRAF1-1,BRAF1,HCC44,0.2210733190472596,replicate,0.95,10,pearson,all,"Metadata_pert_name,Metadata_gene_name,Metadata_cell_line"
BRCA1-1,BRCA1,HCC44,-0.1444647590432288,replicate,0.95,10,pearson,all,"Metadata_pert_name,Metadata_gene_name,Metadata_cell_line"
BRCA1-2,BRCA1,HCC44,0.3128141782037274,replicate,0.95,10,pearson,all,"Metadata_pert_name,Metadata_gene_name,Metadata_cell_line"
BRD4-1,BRD4,HCC44,0.634457297511691,replicate,0.95,10,pearson,all,"Metadata_pert_name,Metadata_gene_name,Metadata_cell_line"
BRD4-2,BRD4,HCC44,0.7879421390972327,replicate,0.95,10,pearson,all,"Metadata_pert_name,Metadata_gene_name,Metadata_cell_line"
CCND1-1,CCND1,HCC44,0.527819931393434,replicate,0.95,10,pearson,all,"Metadata_pert_name,Metadata_gene_name,Metadata_cell_line"
CCND1-2,CCND1,HCC44,0.4355828648160671,replicate,0.95,10,pearson,all,"Metadata_pert_name,Metadata_gene_name,Metadata_cell_line"
CCNE1-1,CCNE1,HCC44,0.843848663120694,replicate,0.95,10,pearson,all,"Metadata_pert_name,Metadata_gene_name,Metadata_cell_line"
CCNE1-2,CCNE1,HCC44,0.6988923524092068,replicate,0.95,10,pearson,all,"Metadata_pert_name,Metadata_gene_name,Metadata_cell_line"
CDK2-1,CDK2,HCC44,0.6965088437856115,replicate,0.95,10,pearson,all,"Metadata_pert_name,Metadata_gene_name,Metadata_cell_line"
CDK2-2,CDK2,HCC44,0.941649666666123,replicate,0.95,10,pearson,all,"Metadata_pert_name,Metadata_gene_name,Metadata_cell_line"
CDK4-1,CDK4,HCC44,0.5317002614199637,replicate,0.95,10,pearson,all,"Metadata_pert_name,Metadata_gene_name,Metadata_cell_line"
CDK4-2,CDK4,HCC44,0.12948257575545144,replicate,0.95,10,pearson,all,"Metadata_pert_name,Metadata_gene_name,Metadata_cell_line"
CDK4-3,CDK4,HCC44,0.5930783193681999,replicate,0.95,10,pearson,all,"Metadata_pert_name,Metadata_gene_name,Metadata_cell_line"
CHEK2-1,CHEK2,HCC44,0.27193773697070783,replicate,0.95,10,pearson,all,"Metadata_pert_name,Metadata_gene_name,Metadata_cell_line"
CHEK2-2,CHEK2,HCC44,-0.14851638685899665,replicate,0.95,10,pearson,all,"Metadata_pert_name,Metadata_gene_name,Metadata_cell_line"
COX5B-1,COX5B,HCC44,0.21423391049666599,replicate,0.95,10,pearson,all,"Metadata_pert_name,Metadata_gene_name,Metadata_cell_line"
COX5B-2,COX5B,HCC44,0.2262085558058189,replicate,0.95,10,pearson,all,"Metadata_pert_name,Metadata_gene_name,Metadata_cell_line"
CSNK1A1-1,CSNK1A1,HCC44,0.4875510684428352,replicate,0.95,10,pearson,all,"Metadata_pert_name,Metadata_gene_name,Metadata_cell_line"
CSNK1A1-2,CSNK1A1,HCC44,-0.091891975319573,replicate,0.95,10,pearson,all,"Metadata_pert_name,Metadata_gene_name,Metadata_cell_line"
CTNNB1-1,CTNNB1,HCC44,0.18382171465319105,replicate,0.95,10,pearson,all,"Metadata_pert_name,Metadata_gene_name,Metadata_cell_line"
CTNNB1-2,CTNNB1,HCC44,-0.5478968754445098,replicate,0.95,10,pearson,all,"Metadata_pert_name,Metadata_gene_name,Metadata_cell_line"
Chr2-1,Chr2,HCC44,0.2553800716928578,replicate,0.95,10,pearson,all,"Metadata_pert_name,Metadata_gene_name,Metadata_cell_line"
Chr2-2,Chr2,HCC44,0.05143519019740454,replicate,0.95,10,pearson,all,"Metadata_pert_name,Metadata_gene_name,Metadata_cell_line"
Chr2-3,Chr2,HCC44,0.7335643914801014,replicate,0.95,10,pearson,all,"Metadata_pert_name,Metadata_gene_name,Metadata_cell_line"
Chr2-4,Chr2,HCC44,0.09737854840342279,replicate,0.95,10,pearson,all,"Metadata_pert_name,Metadata_gene_name,Metadata_cell_line"
Chr2-5,Chr2,HCC44,0.13631295607233263,replicate,0.95,10,pearson,all,"Metadata_pert_name,Metadata_gene_name,Metadata_cell_line"
Chr2-6,Chr2,HCC44,0.3716276875673993,replicate,0.95,10,pearson,all,"Metadata_pert_name,Metadata_gene_name,Metadata_cell_line"
DOT1L-1,DOT1L,HCC44,-0.2423209493569159,replicate,0.95,10,pearson,all,"Metadata_pert_name,Metadata_gene_name,Metadata_cell_line"
DOT1L-2,DOT1L,HCC44,0.5639424835517032,replicate,0.95,10,pearson,all,"Metadata_pert_name,Metadata_gene_name,Metadata_cell_line"
EGFR-1,EGFR,HCC44,-0.1351801136529828,replicate,0.95,10,pearson,all,"Metadata_pert_name,Metadata_gene_name,Metadata_cell_line"
EGFR-2,EGFR,HCC44,0.36263576372632744,replicate,0.95,10,pearson,all,"Metadata_pert_name,Metadata_gene_name,Metadata_cell_line"
EGLN1-8,EGLN1,HCC44,0.6674360239238689,replicate,0.95,10,pearson,all,"Metadata_pert_name,Metadata_gene_name,Metadata_cell_line"
EGLN1-9,EGLN1,HCC44,0.7986081888669487,replicate,0.95,10,pearson,all,"Metadata_pert_name,Metadata_gene_name,Metadata_cell_line"
EMPTY,EMPTY,HCC44,-0.021142435999843893,replicate,0.95,10,pearson,all,"Metadata_pert_name,Metadata_gene_name,Metadata_cell_line"
ERBB2-1,ERBB2,HCC44,0.04970027005181406,replicate,0.95,10,pearson,all,"Metadata_pert_name,Metadata_gene_name,Metadata_cell_line"
ERBB2-2,ERBB2,HCC44,-0.1128823177946424,replicate,0.95,10,pearson,all,"Metadata_pert_name,Metadata_gene_name,Metadata_cell_line"
ERBB3-1,ERBB3,HCC44,0.18983054047867484,replicate,0.95,10,pearson,all,"Metadata_pert_name,Metadata_gene_name,Metadata_cell_line"
ERBB3-2,ERBB3,HCC44,0.32479543238997255,replicate,0.95,10,pearson,all,"Metadata_pert_name,Metadata_gene_name,Metadata_cell_line"
EZH2-1,EZH2,HCC44,0.64902547287254,replicate,0.95,10,pearson,all,"Metadata_pert_name,Metadata_gene_name,Metadata_cell_line"
EZH2-2,EZH2,HCC44,0.6209865475790504,replicate,0.95,10,pearson,all,"Metadata_pert_name,Metadata_gene_name,Metadata_cell_line"
GLS-1,GLS,HCC44,0.4404161085987721,replicate,0.95,10,pearson,all,"Metadata_pert_name,Metadata_gene_name,Metadata_cell_line"
GLS-2,GLS,HCC44,0.5750501649328892,replicate,0.95,10,pearson,all,"Metadata_pert_name,Metadata_gene_name,Metadata_cell_line"
GPX4-1,GPX4,HCC44,0.3222348328197273,replicate,0.95,10,pearson,all,"Metadata_pert_name,Metadata_gene_name,Metadata_cell_line"
GPX4-2,GPX4,HCC44,0.4678464511420224,replicate,0.95,10,pearson,all,"Metadata_pert_name,Metadata_gene_name,Metadata_cell_line"
HIF1a-1,HIF1a,HCC44,-0.09699562501200505,replicate,0.95,10,pearson,all,"Metadata_pert_name,Metadata_gene_name,Metadata_cell_line"
HIF1a-2,HIF1a,HCC44,-0.215944050750956,replicate,0.95,10,pearson,all,"Metadata_pert_name,Metadata_gene_name,Metadata_cell_line"
ITGAV-1,ITGAV,HCC44,0.9604132763999442,replicate,0.95,10,pearson,all,"Metadata_pert_name,Metadata_gene_name,Metadata_cell_line"
ITGAV-2,ITGAV,HCC44,0.9653168016397309,replicate,0.95,10,pearson,all,"Metadata_pert_name,Metadata_gene_name,Metadata_cell_line"
JAK3-1,JAK3,HCC44,-0.2952082645196306,replicate,0.95,10,pearson,all,"Metadata_pert_name,Metadata_gene_name,Metadata_cell_line"
JAK3-2,JAK3,HCC44,-0.116781229205664,replicate,0.95,10,pearson,all,"Metadata_pert_name,Metadata_gene_name,Metadata_cell_line"
KIF11-1,KIF11,HCC44,0.8829218818080417,replicate,0.95,10,pearson,all,"Metadata_pert_name,Metadata_gene_name,Metadata_cell_line"
KIF11-2,KIF11,HCC44,0.9167524503970216,replicate,0.95,10,pearson,all,"Metadata_pert_name,Metadata_gene_name,Metadata_cell_line"
KRAS-1,KRAS,HCC44,0.6544678509094688,replicate,0.95,10,pearson,all,"Metadata_pert_name,Metadata_gene_name,Metadata_cell_line"
KRAS-2A,KRAS,HCC44,0.7955046791088086,replicate,0.95,10,pearson,all,"Metadata_pert_name,Metadata_gene_name,Metadata_cell_line"
KRAS-2B,KRAS,HCC44,0.17808921110803366,replicate,0.95,10,pearson,all,"Metadata_pert_name,Metadata_gene_name,Metadata_cell_line"
LacZ-2,LacZ,HCC44,-0.022290094604489497,replicate,0.95,10,pearson,all,"Metadata_pert_name,Metadata_gene_name,Metadata_cell_line"
LacZ-3,LacZ,HCC44,0.2314728743009714,replicate,0.95,10,pearson,all,"Metadata_pert_name,Metadata_gene_name,Metadata_cell_line"
Luc-1,Luc,HCC44,0.31179258887738504,replicate,0.95,10,pearson,all,"Metadata_pert_name,Metadata_gene_name,Metadata_cell_line"
Luc-2,Luc,HCC44,-0.22409515038373695,replicate,0.95,10,pearson,all,"Metadata_pert_name,Metadata_gene_name,Metadata_cell_line"
MAPK1-1,MAPK1,HCC44,0.0010981432082642435,replicate,0.95,10,pearson,all,"Metadata_pert_name,Metadata_gene_name,Metadata_cell_line"
MAPK1-2,MAPK1,HCC44,0.019932193756752595,replicate,0.95,10,pearson,all,"Metadata_pert_name,Metadata_gene_name,Metadata_cell_line"
MCL1-2,MCL1,HCC44,-0.15189392006067007,replicate,0.95,10,pearson,all,"Metadata_pert_name,Metadata_gene_name,Metadata_cell_line"
MCL1-5,MCL1,HCC44,0.32533684503964766,replicate,0.95,10,pearson,all,"Metadata_pert_name,Metadata_gene_name,Metadata_cell_line"
MTOR-1,MTOR,HCC44,0.30121175729353,replicate,0.95,10,pearson,all,"Metadata_pert_name,Metadata_gene_name,Metadata_cell_line"
MTOR-2,MTOR,HCC44,0.44285310360706076,replicate,0.95,10,pearson,all,"Metadata_pert_name,Metadata_gene_name,Metadata_cell_line"
MYC-1,MYC,HCC44,0.9669544423734764,replicate,0.95,10,pearson,all,"Metadata_pert_name,Metadata_gene_name,Metadata_cell_line"
MYC-2,MYC,HCC44,0.9668482787679656,replicate,0.95,10,pearson,all,"Metadata_pert_name,Metadata_gene_name,Metadata_cell_line"
ORC4-1,ORC4,HCC44,0.1991469274337584,replicate,0.95,10,pearson,all,"Metadata_pert_name,Metadata_gene_name,Metadata_cell_line"
ORC4-2,ORC4,HCC44,0.44105761950831096,replicate,0.95,10,pearson,all,"Metadata_pert_name,Metadata_gene_name,Metadata_cell_line"
PIK3CA-1,PIK3CA,HCC44,0.7535385881176259,replicate,0.95,10,pearson,all,"Metadata_pert_name,Metadata_gene_name,Metadata_cell_line"
PIK3CA-2,PIK3CA,HCC44,0.3542708680899611,replicate,0.95,10,pearson,all,"Metadata_pert_name,Metadata_gene_name,Metadata_cell_line"
POLR2D-1,POLR2D,HCC44,0.9625840542466624,replicate,0.95,10,pearson,all,"Metadata_pert_name,Metadata_gene_name,Metadata_cell_line"
POLR2D-2,POLR2D,HCC44,0.9305385414138173,replicate,0.95,10,pearson,all,"Metadata_pert_name,Metadata_gene_name,Metadata_cell_line"
PPIB-1,PPIB,HCC44,0.05296131344318933,replicate,0.95,10,pearson,all,"Metadata_pert_name,Metadata_gene_name,Metadata_cell_line"
PPIB-2,PPIB,HCC44,0.10552533902409889,replicate,0.95,10,pearson,all,"Metadata_pert_name,Metadata_gene_name,Metadata_cell_line"
PRDX1-1,PRDX1,HCC44,0.35864902921343716,replicate,0.95,10,pearson,all,"Metadata_pert_name,Metadata_gene_name,Metadata_cell_line"
PRDX1-2,PRDX1,HCC44,0.07885556414146519,replicate,0.95,10,pearson,all,"Metadata_pert_name,Metadata_gene_name,Metadata_cell_line"
PSMA1-1,PSMA1,HCC44,0.8957881246485426,replicate,0.95,10,pearson,all,"Metadata_pert_name,Metadata_gene_name,Metadata_cell_line"
PSMA1-2,PSMA1,HCC44,0.8563431520162125,replicate,0.95,10,pearson,all,"Metadata_pert_name,Metadata_gene_name,Metadata_cell_line"
PTK2-1,PTK2,HCC44,0.5952278320683307,replicate,0.95,10,pearson,all,"Metadata_pert_name,Metadata_gene_name,Metadata_cell_line"
PTK2-2,PTK2,HCC44,0.7799311550671576,replicate,0.95,10,pearson,all,"Metadata_pert_name,Metadata_gene_name,Metadata_cell_line"
RAC1-1,RAC1,HCC44,0.23175575829172754,replicate,0.95,10,pearson,all,"Metadata_pert_name,Metadata_gene_name,Metadata_cell_line"
RAC1-2,RAC1,HCC44,-0.3648517583281201,replicate,0.95,10,pearson,all,"Metadata_pert_name,Metadata_gene_name,Metadata_cell_line"
RAF1-1,RAF1,HCC44,0.5271915569083783,replicate,0.95,10,pearson,all,"Metadata_pert_name,Metadata_gene_name,Metadata_cell_line"
RAF1-2,RAF1,HCC44,0.1999857195463192,replicate,0.95,10,pearson,all,"Metadata_pert_name,Metadata_gene_name,Metadata_cell_line"
RHOA-1,RHOA,HCC44,0.5250350679127284,replicate,0.95,10,pearson,all,"Metadata_pert_name,Metadata_gene_name,Metadata_cell_line"
RHOA-2,RHOA,HCC44,0.7776235045562183,replicate,0.95,10,pearson,all,"Metadata_pert_name,Metadata_gene_name,Metadata_cell_line"
SDHB-1,SDHB,HCC44,0.41461739055130187,replicate,0.95,10,pearson,all,"Metadata_pert_name,Metadata_gene_name,Metadata_cell_line"
SDHB-2,SDHB,HCC44,0.8135800697632285,replicate,0.95,10,pearson,all,"Metadata_pert_name,Metadata_gene_name,Metadata_cell_line"
SLC2A1-1,SLC2A1,HCC44,0.3116602757408459,replicate,0.95,10,pearson,all,"Metadata_pert_name,Metadata_gene_name,Metadata_cell_line"
SLC2A2-2,SLC2A2,HCC44,0.4451509028724033,replicate,0.95,10,pearson,all,"Metadata_pert_name,Metadata_gene_name,Metadata_cell_line"
SMARCB1-1,SMARCB1,HCC44,0.3046611592514048,replicate,0.95,10,pearson,all,"Metadata_pert_name,Metadata_gene_name,Metadata_cell_line"
SMARCB1-2,SMARCB1,HCC44,-0.3552390948724816,replicate,0.95,10,pearson,all,"Metadata_pert_name,Metadata_gene_name,Metadata_cell_line"
STAT3-1,STAT3,HCC44,0.147965977622251,replicate,0.95,10,pearson,all,"Metadata_pert_name,Metadata_gene_name,Metadata_cell_line"
STAT3-2,STAT3,HCC44,0.33997999143982593,replicate,0.95,10,pearson,all,"Metadata_pert_name,Metadata_gene_name,Metadata_cell_line"
SUZ12-1,SUZ12,HCC44,0.691863550137132,replicate,0.95,10,pearson,all,"Metadata_pert_name,Metadata_gene_name,Metadata_cell_line"
SUZ12-2,SUZ12,HCC44,0.7204615142335216,replicate,0.95,10,pearson,all,"Metadata_pert_name,Metadata_gene_name,Metadata_cell_line"
TXN-1,TXN,HCC44,0.31557516388378015,replicate,0.95,10,pearson,all,"Metadata_pert_name,Metadata_gene_name,Metadata_cell_line"
TXN-2,TXN,HCC44,-0.07320226926861999,replicate,0.95,10,pearson,all,"Metadata_pert_name,Metadata_gene_name,Metadata_cell_line"
XBP-1,XBP,HCC44,0.058889649632565426,replicate,0.95,10,pearson,all,"Metadata_pert_name,Metadata_gene_name,Metadata_cell_line"
XBP-2,XBP,HCC44,0.31175099007282037,replicate,0.95,10,pearson,all,"Metadata_pert_name,Metadata_gene_name,Metadata_cell_line"
YAP1-1,YAP1,HCC44,-0.024986543842484353,replicate,0.95,10,pearson,all,"Metadata_pert_name,Metadata_gene_name,Metadata_cell_line"
YAP1-2,YAP1,HCC44,0.10486963024807977,replicate,0.95,10,pearson,all,"Metadata_pert_name,Metadata_gene_name,Metadata_cell_line"
AKT1-1,AKT1,HCC44,0.38201185569550844,non_replicate,0.95,10,pearson,all,"Metadata_pert_name,Metadata_gene_name,Metadata_cell_line"
AKT1-2,AKT1,HCC44,0.4484742414873991,non_replicate,0.95,10,pearson,all,"Metadata_pert_name,Metadata_gene_name,Metadata_cell_line"
ARID1B-1,ARID1B,HCC44,0.3405197211057722,non_replicate,0.95,10,pearson,all,"Metadata_pert_name,Metadata_gene_name,Metadata_cell_line"
ARID1B-2,ARID1B,HCC44,0.5817229558386496,non_replicate,0.95,10,pearson,all,"Metadata_pert_name,Metadata_gene_name,Metadata_cell_line"
ATF4-1,ATF4,HCC44,0.7982072206496055,non_replicate,0.95,10,pearson,all,"Metadata_pert_name,Metadata_gene_name,Metadata_cell_line"
ATF4-2,ATF4,HCC44,0.3594810695115075,non_replicate,0.95,10,pearson,all,"Metadata_pert_name,Metadata_gene_name,Metadata_cell_line"
ATP50-1,ATP50,HCC44,0.7328485102544402,non_replicate,0.95,10,pearson,all,"Metadata_pert_name,Metadata_gene_name,Metadata_cell_line"
ATP50-2,ATP50,HCC44,0.6774695818173844,non_replicate,0.95,10,pearson,all,"Metadata_pert_name,Metadata_gene_name,Metadata_cell_line"
AURKB-2,AURKB,HCC44,0.6749520635652528,non_replicate,0.95,10,pearson,all,"Metadata_pert_name,Metadata_gene_name,Metadata_cell_line"
BCL2-1,BCL2,HCC44,0.4149164138115171,non_replicate,0.95,10,pearson,all,"Metadata_pert_name,Metadata_gene_name,Metadata_cell_line"
BCL2-2,BCL2,HCC44,0.6021719580830498,non_replicate,0.95,10,pearson,all,"Metadata_pert_name,Metadata_gene_name,Metadata_cell_line"
BCL2L2-1,BCL2L2,HCC44,0.22367232522121264,non_replicate,0.95,10,pearson,all,"Metadata_pert_name,Metadata_gene_name,Metadata_cell_line"
BCL2L2-2,BCL2L2,HCC44,0.5670504417955247,non_replicate,0.95,10,pearson,all,"Metadata_pert_name,Metadata_gene_name,Metadata_cell_line"
BCL2L2-4,BCL2L2,HCC44,0.5654142085022456,non_replicate,0.95,10,pearson,all,"Metadata_pert_name,Metadata_gene_name,Metadata_cell_line"
BRAF-2,BRAF,HCC44,0.621190190920579,non_replicate,0.95,10,pearson,all,"Metadata_pert_name,Metadata_gene_name,Metadata_cell_line"
BRAF1-1,BRAF1,HCC44,0.3805298656307715,non_replicate,0.95,10,pearson,all,"Metadata_pert_name,Metadata_gene_name,Metadata_cell_line"
BRCA1-1,BRCA1,HCC44,0.7239008383156902,non_replicate,0.95,10,pearson,all,"Metadata_pert_name,Metadata_gene_name,Metadata_cell_line"
BRCA1-2,BRCA1,HCC44,0.6722527136556091,non_replicate,0.95,10,pearson,all,"Metadata_pert_name,Metadata_gene_name,Metadata_cell_line"
BRD4-1,BRD4,HCC44,0.49565989596432736,non_replicate,0.95,10,pearson,all,"Metadata_pert_name,Metadata_gene_name,Metadata_cell_line"
BRD4-2,BRD4,HCC44,0.6147722108290932,non_replicate,0.95,10,pearson,all,"Metadata_pert_name,Metadata_gene_name,Metadata_cell_line"
CCND1-1,CCND1,HCC44,0.698140817139548,non_replicate,0.95,10,pearson,all,"Metadata_pert_name,Metadata_gene_name,Metadata_cell_line"
CCND1-2,CCND1,HCC44,0.5517775819340309,non_replicate,0.95,10,pearson,all,"Metadata_pert_name,Metadata_gene_name,Metadata_cell_line"
CCNE1-1,CCNE1,HCC44,0.3256204597081491,non_replicate,0.95,10,pearson,all,"Metadata_pert_name,Metadata_gene_name,Metadata_cell_line"
CCNE1-2,CCNE1,HCC44,0.6092756076425696,non_replicate,0.95,10,pearson,all,"Metadata_pert_name,Metadata_gene_name,Metadata_cell_line"
CDK2-1,CDK2,HCC44,0.6463463908327293,non_replicate,0.95,10,pearson,all,"Metadata_pert_name,Metadata_gene_name,Metadata_cell_line"
CDK2-2,CDK2,HCC44,0.6172680737722858,non_replicate,0.95,10,pearson,all,"Metadata_pert_name,Metadata_gene_name,Metadata_cell_line"
CDK4-1,CDK4,HCC44,0.46800745654705445,non_replicate,0.95,10,pearson,all,"Metadata_pert_name,Metadata_gene_name,Metadata_cell_line"
CDK4-2,CDK4,HCC44,0.39903518110504765,non_replicate,0.95,10,pearson,all,"Metadata_pert_name,Metadata_gene_name,Metadata_cell_line"
CDK4-3,CDK4,HCC44,0.2872341167879333,non_replicate,0.95,10,pearson,all,"Metadata_pert_name,Metadata_gene_name,Metadata_cell_line"
CHEK2-1,CHEK2,HCC44,0.584883804253685,non_replicate,0.95,10,pearson,all,"Metadata_pert_name,Metadata_gene_name,Metadata_cell_line"
CHEK2-2,CHEK2,HCC44,0.6570168205308065,non_replicate,0.95,10,pearson,all,"Metadata_pert_name,Metadata_gene_name,Metadata_cell_line"
COX5B-1,COX5B,HCC44,0.5710019913353561,non_replicate,0.95,10,pearson,all,"Metadata_pert_name,Metadata_gene_name,Metadata_cell_line"
COX5B-2,COX5B,HCC44,0.5194216594398217,non_replicate,0.95,10,pearson,all,"Metadata_pert_name,Metadata_gene_name,Metadata_cell_line"
CSNK1A1-1,CSNK1A1,HCC44,0.4887803454997563,non_replicate,0.95,10,pearson,all,"Metadata_pert_name,Metadata_gene_name,Metadata_cell_line"
CSNK1A1-2,CSNK1A1,HCC44,0.5771345557328941,non_replicate,0.95,10,pearson,all,"Metadata_pert_name,Metadata_gene_name,Metadata_cell_line"
CTNNB1-1,CTNNB1,HCC44,0.647799721263854,non_replicate,0.95,10,pearson,all,"Metadata_pert_name,Metadata_gene_name,Metadata_cell_line"
CTNNB1-2,CTNNB1,HCC44,0.38361692982668505,non_replicate,0.95,10,pearson,all,"Metadata_pert_name,Metadata_gene_name,Metadata_cell_line"
Chr2-1,Chr2,HCC44,0.34862939000551807,non_replicate,0.95,10,pearson,all,"Metadata_pert_name,Metadata_gene_name,Metadata_cell_line"
Chr2-2,Chr2,HCC44,0.35462019489897,non_replicate,0.95,10,pearson,all,"Metadata_pert_name,Metadata_gene_name,Metadata_cell_line"
Chr2-3,Chr2,HCC44,0.21231400310921328,non_replicate,0.95,10,pearson,all,"Metadata_pert_name,Metadata_gene_name,Metadata_cell_line"
Chr2-4,Chr2,HCC44,0.13520525419957183,non_replicate,0.95,10,pearson,all,"Metadata_pert_name,Metadata_gene_name,Metadata_cell_line"
Chr2-5,Chr2,HCC44,0.2822059887333406,non_replicate,0.95,10,pearson,all,"Metadata_pert_name,Metadata_gene_name,Metadata_cell_line"
Chr2-6,Chr2,HCC44,0.19528504526300833,non_replicate,0.95,10,pearson,all,"Metadata_pert_name,Metadata_gene_name,Metadata_cell_line"
DOT1L-1,DOT1L,HCC44,0.7791482556150955,non_replicate,0.95,10,pearson,all,"Metadata_pert_name,Metadata_gene_name,Metadata_cell_line"
DOT1L-2,DOT1L,HCC44,0.6339542220610609,non_replicate,0.95,10,pearson,all,"Metadata_pert_name,Metadata_gene_name,Metadata_cell_line"
EGFR-1,EGFR,HCC44,0.5510859113163115,non_replicate,0.95,10,pearson,all,"Metadata_pert_name,Metadata_gene_name,Metadata_cell_line"
EGFR-2,EGFR,HCC44,0.5299182630851152,non_replicate,0.95,10,pearson,all,"Metadata_pert_name,Metadata_gene_name,Metadata_cell_line"
EGLN1-8,EGLN1,HCC44,0.6187774840085667,non_replicate,0.95,10,pearson,all,"Metadata_pert_name,Metadata_gene_name,Metadata_cell_line"
EGLN1-9,EGLN1,HCC44,0.7710177462236059,non_replicate,0.95,10,pearson,all,"Metadata_pert_name,Metadata_gene_name,Metadata_cell_line"
EMPTY,EMPTY,HCC44,0.16591169394277722,non_replicate,0.95,10,pearson,all,"Metadata_pert_name,Metadata_gene_name,Metadata_cell_line"
ERBB2-1,ERBB2,HCC44,0.40516663089341975,non_replicate,0.95,10,pearson,all,"Metadata_pert_name,Metadata_gene_name,Metadata_cell_line"
ERBB2-2,ERBB2,HCC44,0.5504801344879903,non_replicate,0.95,10,pearson,all,"Metadata_pert_name,Metadata_gene_name,Metadata_cell_line"
ERBB3-1,ERBB3,HCC44,0.5836834731859907,non_replicate,0.95,10,pearson,all,"Metadata_pert_name,Metadata_gene_name,Metadata_cell_line"
ERBB3-2,ERBB3,HCC44,0.42496073678724644,non_replicate,0.95,10,pearson,all,"Metadata_pert_name,Metadata_gene_name,Metadata_cell_line"
EZH2-1,EZH2,HCC44,0.7320145738792909,non_replicate,0.95,10,pearson,all,"Metadata_pert_name,Metadata_gene_name,Metadata_cell_line"
EZH2-2,EZH2,HCC44,0.8027308297012867,non_replicate,0.95,10,pearson,all,"Metadata_pert_name,Metadata_gene_name,Metadata_cell_line"
GLS-1,GLS,HCC44,0.4663964914559183,non_replicate,0.95,10,pearson,all,"Metadata_pert_name,Metadata_gene_name,Metadata_cell_line"
GLS-2,GLS,HCC44,0.6633713754831944,non_replicate,0.95,10,pearson,all,"Metadata_pert_name,Metadata_gene_name,Metadata_cell_line"
GPX4-1,GPX4,HCC44,0.4453417841622373,non_replicate,0.95,10,pearson,all,"Metadata_pert_name,Metadata_gene_name,Metadata_cell_line"
GPX4-2,GPX4,HCC44,0.5950516441312543,non_replicate,0.95,10,pearson,all,"Metadata_pert_name,Metadata_gene_name,Metadata_cell_line"
HIF1a-1,HIF1a,HCC44,0.4615129237824943,non_replicate,0.95,10,pearson,all,"Metadata_pert_name,Metadata_gene_name,Metadata_cell_line"
HIF1a-2,HIF1a,HCC44,0.5703812231494743,non_replicate,0.95,10,pearson,all,"Metadata_pert_name,Metadata_gene_name,Metadata_cell_line"
ITGAV-1,ITGAV,HCC44,0.6185996087424396,non_replicate,0.95,10,pearson,all,"Metadata_pert_name,Metadata_gene_name,Metadata_cell_line"
ITGAV-2,ITGAV,HCC44,0.5966704091777839,non_replicate,0.95,10,pearson,all,"Metadata_pert_name,Metadata_gene_name,Metadata_cell_line"
JAK3-1,JAK3,HCC44,0.6549709192106211,non_replicate,0.95,10,pearson,all,"Metadata_pert_name,Metadata_gene_name,Metadata_cell_line"
JAK3-2,JAK3,HCC44,0.5913028444672945,non_replicate,0.95,10,pearson,all,"Metadata_pert_name,Metadata_gene_name,Metadata_cell_line"
KIF11-1,KIF11,HCC44,0.5367247932272383,non_replicate,0.95,10,pearson,all,"Metadata_pert_name,Metadata_gene_name,Metadata_cell_line"
KIF11-2,KIF11,HCC44,0.4759219859570791,non_replicate,0.95,10,pearson,all,"Metadata_pert_name,Metadata_gene_name,Metadata_cell_line"
KRAS-1,KRAS,HCC44,0.3207467868854059,non_replicate,0.95,10,pearson,all,"Metadata_pert_name,Metadata_gene_name,Metadata_cell_line"
KRAS-2A,KRAS,HCC44,0.8498080149300167,non_replicate,0.95,10,pearson,all,"Metadata_pert_name,Metadata_gene_name,Metadata_cell_line"
KRAS-2B,KRAS,HCC44,0.6036473497852418,non_replicate,0.95,10,pearson,all,"Metadata_pert_name,Metadata_gene_name,Metadata_cell_line"
LacZ-2,LacZ,HCC44,0.30129175278650844,non_replicate,0.95,10,pearson,all,"Metadata_pert_name,Metadata_gene_name,Metadata_cell_line"
LacZ-3,LacZ,HCC44,0.2638568930370238,non_replicate,0.95,10,pearson,all,"Metadata_pert_name,Metadata_gene_name,Metadata_cell_line"
Luc-1,Luc,HCC44,0.3739093898618089,non_replicate,0.95,10,pearson,all,"Metadata_pert_name,Metadata_gene_name,Metadata_cell_line"
Luc-2,Luc,HCC44,0.4337903125726692,non_replicate,0.95,10,pearson,all,"Metadata_pert_name,Metadata_gene_name,Metadata_cell_line"
MAPK1-1,MAPK1,HCC44,0.3817602342388715,non_replicate,0.95,10,pearson,all,"Metadata_pert_name,Metadata_gene_name,Metadata_cell_line"
MAPK1-2,MAPK1,HCC44,0.4135091147987507,non_replicate,0.95,10,pearson,all,"Metadata_pert_name,Metadata_gene_name,Metadata_cell_line"
MCL1-2,MCL1,HCC44,0.5856946387744506,non_replicate,0.95,10,pearson,all,"Metadata_pert_name,Metadata_gene_name,Metadata_cell_line"
MCL1-5,MCL1,HCC44,0.5395707480315174,non_replicate,0.95,10,pearson,all,"Metadata_pert_name,Metadata_gene_name,Metadata_cell_line"
MTOR-1,MTOR,HCC44,0.4893130850111854,non_replicate,0.95,10,pearson,all,"Metadata_pert_name,Metadata_gene_name,Metadata_cell_line"
MTOR-2,MTOR,HCC44,0.4157077076214267,non_replicate,0.95,10,pearson,all,"Metadata_pert_name,Metadata_gene_name,Metadata_cell_line"
MYC-1,MYC,HCC44,0.21766040138045115,non_replicate,0.95,10,pearson,all,"Metadata_pert_name,Metadata_gene_name,Metadata_cell_line"
MYC-2,MYC,HCC44,0.5702446948394952,non_replicate,0.95,10,pearson,all,"Metadata_pert_name,Metadata_gene_name,Metadata_cell_line"
ORC4-1,ORC4,HCC44,0.19453281225103042,non_replicate,0.95,10,pearson,all,"Metadata_pert_name,Metadata_gene_name,Metadata_cell_line"
ORC4-2,ORC4,HCC44,0.22971657167645132,non_replicate,0.95,10,pearson,all,"Metadata_pert_name,Metadata_gene_name,Metadata_cell_line"
PIK3CA-1,PIK3CA,HCC44,0.42863628670366294,non_replicate,0.95,10,pearson,all,"Metadata_pert_name,Metadata_gene_name,Metadata_cell_line"
PIK3CA-2,PIK3CA,HCC44,0.1327516971938657,non_replicate,0.95,10,pearson,all,"Metadata_pert_name,Metadata_gene_name,Metadata_cell_line"
POLR2D-1,POLR2D,HCC44,0.36786842989419044,non_replicate,0.95,10,pearson,all,"Metadata_pert_name,Metadata_gene_name,Metadata_cell_line"
POLR2D-2,POLR2D,HCC44,0.287992151988094,non_replicate,0.95,10,pearson,all,"Metadata_pert_name,Metadata_gene_name,Metadata_cell_line"
PPIB-1,PPIB,HCC44,0.394769822467672,non_replicate,0.95,10,pearson,all,"Metadata_pert_name,Metadata_gene_name,Metadata_cell_line"
PPIB-2,PPIB,HCC44,0.23331279413813596,non_replicate,0.95,10,pearson,all,"Metadata_pert_name,Metadata_gene_name,Metadata_cell_line"
PRDX1-1,PRDX1,HCC44,0.4646639414769119,non_replicate,0.95,10,pearson,all,"Metadata_pert_name,Metadata_gene_name,Metadata_cell_line"
PRDX1-2,PRDX1,HCC44,0.6015345748802148,non_replicate,0.95,10,pearson,all,"Metadata_pert_name,Metadata_gene_name,Metadata_cell_line"
PSMA1-1,PSMA1,HCC44,0.23923288716752233,non_replicate,0.95,10,pearson,all,"Metadata_pert_name,Metadata_gene_name,Metadata_cell_line"
PSMA1-2,PSMA1,HCC44,0.2510205566451905,non_replicate,0.95,10,pearson,all,"Metadata_pert_name,Metadata_gene_name,Metadata_cell_line"
PTK2-1,PTK2,HCC44,0.7613974084073234,non_replicate,0.95,10,pearson,all,"Metadata_pert_name,Metadata_gene_name,Metadata_cell_line"
PTK2-2,PTK2,HCC44,0.7943533709132786,non_replicate,0.95,10,pearson,all,"Metadata_pert_name,Metadata_gene_name,Metadata_cell_line"
RAC1-1,RAC1,HCC44,0.535229499121659,non_replicate,0.95,10,pearson,all,"Metadata_pert_name,Metadata_gene_name,Metadata_cell_line"
RAC1-2,RAC1,HCC44,0.2862320325083313,non_replicate,0.95,10,pearson,all,"Metadata_pert_name,Metadata_gene_name,Metadata_cell_line"
RAF1-1,RAF1,HCC44,0.6233864199060528,non_replicate,0.95,10,pearson,all,"Metadata_pert_name,Metadata_gene_name,Metadata_cell_line"
RAF1-2,RAF1,HCC44,0.49694778255799943,non_replicate,0.95,10,pearson,all,"Metadata_pert_name,Metadata_gene_name,Metadata_cell_line"
RHOA-1,RHOA,HCC44,0.5748588065345824,non_replicate,0.95,10,pearson,all,"Metadata_pert_name,Metadata_gene_name,Metadata_cell_line"
RHOA-2,RHOA,HCC44,0.40600441193524506,non_replicate,0.95,10,pearson,all,"Metadata_pert_name,Metadata_gene_name,Metadata_cell_line"
SDHB-1,SDHB,HCC44,0.5707570131417515,non_replicate,0.95,10,pearson,all,"Metadata_pert_name,Metadata_gene_name,Metadata_cell_line"
SDHB-2,SDHB,HCC44,0.3974250877383275,non_replicate,0.95,10,pearson,all,"Metadata_pert_name,Metadata_gene_name,Metadata_cell_line"
SLC2A1-1,SLC2A1,HCC44,0.5978142832276007,non_replicate,0.95,10,pearson,all,"Metadata_pert_name,Metadata_gene_name,Metadata_cell_line"
SLC2A2-2,SLC2A2,HCC44,0.2813295199319314,non_replicate,0.95,10,pearson,all,"Metadata_pert_name,Metadata_gene_name,Metadata_cell_line"
SMARCB1-1,SMARCB1,HCC44,0.4607875638655876,non_replicate,0.95,10,pearson,all,"Metadata_pert_name,Metadata_gene_name,Metadata_cell_line"
SMARCB1-2,SMARCB1,HCC44,0.6589256999460824,non_replicate,0.95,10,pearson,all,"Metadata_pert_name,Metadata_gene_name,Metadata_cell_line"
STAT3-1,STAT3,HCC44,0.5359496927502785,non_replicate,0.95,10,pearson,all,"Metadata_pert_name,Metadata_gene_name,Metadata_cell_line"
STAT3-2,STAT3,HCC44,0.5678003039848593,non_replicate,0.95,10,pearson,all,"Metadata_pert_name,Metadata_gene_name,Metadata_cell_line"
SUZ12-1,SUZ12,HCC44,0.8279446332328897,non_replicate,0.95,10,pearson,all,"Metadata_pert_name,Metadata_gene_name,Metadata_cell_line"
SUZ12-2,SUZ12,HCC44,0.35720539421342273,non_replicate,0.95,10,pearson,all,"Metadata_pert_name,Metadata_gene_name,Metadata_cell_line"
TXN-1,TXN,HCC44,0.5827687913560256,non_replicate,0.95,10,pearson,all,"Metadata_pert_name,Metadata_gene_name,Metadata_cell_line"
TXN-2,TXN,HCC44,0.715224860589323,non_replicate,0.95,10,pearson,all,"Metadata_pert_name,Metadata_gene_name,Metadata_cell_line"
XBP-1,XBP,HCC44,0.8057359953098879,non_replicate,0.95,10,pearson,all,"Metadata_pert_name,Metadata_gene_name,Metadata_cell_line"
XBP-2,XBP,HCC44,0.7069002025402992,non_replicate,0.95,10,pearson,all,"Metadata_pert_name,Metadata_gene_name,Metadata_cell_line"
YAP1-1,YAP1,HCC44,0.5179598364524297,non_replicate,0.95,10,pearson,all,"Metadata_pert_name,Metadata_gene_name,Metadata_cell_line"
YAP1-2,YAP1,HCC44,0.4393233937573532,non_replicate,0.95,10,pearson,all,"Metadata_pert_name,Metadata_gene_name,Metadata_cell_line"
